model,classifier,feature_type,preprocessing,threshold_mode,threshold,precision,recall,f1,accuracy,roc_auc,average_precision,tn,fp,fn,tp,fpr,n_ham,n_spam,confusion_matrix
nb_word_legacy,nb,word,legacy,default,0.5,0.9734513274336283,0.8461538461538461,0.9053497942386831,0.9777562862669246,0.9865044247787611,0.9607877168626847,901,3,20,110,0.00331858407079646,904,130,"[[901, 3], [20, 110]]"
nb_word_legacy,nb,word,legacy,validation,0.21467459696015545,0.9435483870967742,0.9,0.9212598425196851,0.9806576402321083,0.9865044247787611,0.9607877168626847,897,7,13,117,0.007743362831858407,904,130,"[[897, 7], [13, 117]]"
lr_word_legacy,lr,word,legacy,default,0.5,0.9069767441860465,0.9,0.9034749034749034,0.9758220502901354,0.993294758339006,0.9652740558319323,892,12,13,117,0.01327433628318584,904,130,"[[892, 12], [13, 117]]"
lr_word_legacy,lr,word,legacy,validation,0.5850080873562014,0.95,0.8769230769230769,0.912,0.9787234042553191,0.993294758339006,0.9652740558319323,898,6,16,114,0.00663716814159292,904,130,"[[898, 6], [16, 114]]"
svc_word_legacy,svc,word,legacy,default,0.0,0.9821428571428571,0.8461538461538461,0.9090909090909091,0.9787234042553191,0.9929373723621512,0.975579621735117,902,2,20,110,0.0022123893805309734,904,130,"[[902, 2], [20, 110]]"
svc_word_legacy,svc,word,legacy,validation,-0.2747240527533328,0.9448818897637795,0.9230769230769231,0.933852140077821,0.9835589941972921,0.9929373723621512,0.975579621735117,897,7,10,120,0.007743362831858407,904,130,"[[897, 7], [10, 120]]"
rf_word_legacy,rf,word,legacy,default,0.5,0.9814814814814815,0.8153846153846154,0.8907563025210085,0.9748549323017408,0.987972260040844,0.96210653300253,902,2,24,106,0.0022123893805309734,904,130,"[[902, 2], [24, 106]]"
rf_word_legacy,rf,word,legacy,validation,0.3,0.8787878787878788,0.8923076923076924,0.8854961832061069,0.9709864603481625,0.987972260040844,0.96210653300253,888,16,14,116,0.017699115044247787,904,130,"[[888, 16], [14, 116]]"
linear_svc_word_legacy,linear_svc,word,legacy,default,0.0,0.9669421487603306,0.9,0.9322709163346613,0.9835589941972921,0.9920098706603131,0.9721376252051358,900,4,13,117,0.004424778761061947,904,130,"[[900, 4], [13, 117]]"
linear_svc_word_legacy,linear_svc,word,legacy,validation,-0.01138322287111726,0.9590163934426229,0.9,0.9285714285714286,0.9825918762088974,0.9920098706603131,0.9721376252051358,899,5,13,117,0.0055309734513274336,904,130,"[[899, 5], [13, 117]]"
linear_svc_char_legacy,linear_svc,char,legacy,default,0.0,0.9916666666666667,0.9153846153846154,0.952,0.988394584139265,0.9967750170183798,0.987826939718829,903,1,11,119,0.0011061946902654867,904,130,"[[903, 1], [11, 119]]"
linear_svc_char_legacy,linear_svc,char,legacy,validation,-0.4834079289758465,0.8689655172413793,0.9692307692307692,0.9163636363636364,0.9777562862669246,0.9967750170183798,0.987826939718829,885,19,4,126,0.02101769911504425,904,130,"[[885, 19], [4, 126]]"
linear_svc_word_gentle,linear_svc,word,gentle,default,0.0,0.975609756097561,0.9230769230769231,0.9486166007905138,0.9874274661508704,0.9956773315180395,0.9816511858071437,901,3,10,120,0.00331858407079646,904,130,"[[901, 3], [10, 120]]"
linear_svc_word_gentle,linear_svc,word,gentle,validation,-0.08620419778818611,0.9682539682539683,0.9384615384615385,0.953125,0.988394584139265,0.9956773315180395,0.9816511858071437,900,4,8,122,0.004424778761061947,904,130,"[[900, 4], [8, 122]]"
linear_svc_char_gentle,linear_svc,char,gentle,default,0.0,0.9765625,0.9615384615384616,0.9689922480620154,0.9922630560928434,0.9963750850918993,0.9883122451396611,901,3,5,125,0.00331858407079646,904,130,"[[901, 3], [5, 125]]"
linear_svc_char_gentle,linear_svc,char,gentle,validation,-0.2250355566435991,0.8698630136986302,0.9769230769230769,0.9202898550724637,0.9787234042553191,0.9963750850918993,0.9883122451396611,885,19,3,127,0.02101769911504425,904,130,"[[885, 19], [3, 127]]"
linear_svc_word_char_gentle,linear_svc,word_char,gentle,default,0.0,0.9914529914529915,0.8923076923076924,0.9392712550607287,0.9854932301740812,0.9968260721579305,0.9901889688347275,903,1,14,116,0.0011061946902654867,904,130,"[[903, 1], [14, 116]]"
linear_svc_word_char_gentle,linear_svc,word_char,gentle,validation,-0.3065284775005198,0.9612403100775194,0.9538461538461539,0.9575289575289575,0.9893617021276596,0.9968260721579305,0.9901889688347275,899,5,6,124,0.0055309734513274336,904,130,"[[899, 5], [6, 124]]"
linear_svc_char_no_punctuation,linear_svc,char,no_punctuation,default,0.0,0.9915966386554622,0.9076923076923077,0.9477911646586346,0.9874274661508704,0.9966899251191287,0.9877537335359019,903,1,12,118,0.0011061946902654867,904,130,"[[903, 1], [12, 118]]"
linear_svc_char_no_punctuation,linear_svc,char,no_punctuation,validation,-0.30636217174234126,0.9615384615384616,0.9615384615384616,0.9615384615384616,0.9903288201160542,0.9966899251191287,0.9877537335359019,899,5,5,125,0.0055309734513274336,904,130,"[[899, 5], [5, 125]]"
linear_svc_char_no_currency,linear_svc,char,no_currency,default,0.0,0.9765625,0.9615384615384616,0.9689922480620154,0.9922630560928434,0.9962729748127979,0.9881567219038584,901,3,5,125,0.00331858407079646,904,130,"[[901, 3], [5, 125]]"
linear_svc_char_no_currency,linear_svc,char,no_currency,validation,-0.1748680226902114,0.9130434782608695,0.9692307692307692,0.9402985074626866,0.9845261121856866,0.9962729748127979,0.9881567219038584,892,12,4,126,0.01327433628318584,904,130,"[[892, 12], [4, 126]]"
