model,classifier,feature_type,preprocessing,params,mean_cv_f1,std_cv_f1,rank,fold_0_f1,fold_1_f1,fold_2_f1,fold_3_f1,fold_4_f1
nb_word_legacy,nb,word,legacy,"{""clf__alpha"": 0.1, ""features__max_features"": 1000}",0.8906717104720652,0.03502955214107312,2,0.8531468531468531,0.8489208633093526,0.9115646258503401,0.8993288590604027,0.9403973509933775
nb_word_legacy,nb,word,legacy,"{""clf__alpha"": 1.0, ""features__max_features"": 1000}",0.8506424020976437,0.039258814568347254,3,0.803030303030303,0.8270676691729323,0.8321167883211679,0.8794326241134752,0.9115646258503401
nb_word_legacy,nb,word,legacy,"{""clf__alpha"": 0.1, ""features__max_features"": 5000}",0.9099189808974337,0.03467567913212697,1,0.875,0.8714285714285714,0.9027777777777778,0.9473684210526315,0.9530201342281879
nb_word_legacy,nb,word,legacy,"{""clf__alpha"": 1.0, ""features__max_features"": 5000}",0.768133623203419,0.03676006874064664,4,0.752,0.7317073170731707,0.736,0.7938931297709924,0.8270676691729323
lr_word_legacy,lr,word,legacy,"{""clf__C"": 0.5, ""clf__class_weight"": null, ""features__max_features"": 1000}",0.715121489042267,0.045460090099636134,7,0.7096774193548387,0.6890756302521008,0.6495726495726496,0.746031746031746,0.78125
lr_word_legacy,lr,word,legacy,"{""clf__C"": 0.5, ""clf__class_weight"": ""balanced"", ""features__max_features"": 1000}",0.8916316825716912,0.023898495463924436,4,0.8627450980392157,0.8717948717948718,0.9308176100628931,0.891566265060241,0.9012345679012346
lr_word_legacy,lr,word,legacy,"{""clf__C"": 1.0, ""clf__class_weight"": null, ""features__max_features"": 1000}",0.8215234151974308,0.027349706746225555,5,0.8059701492537313,0.8,0.7938931297709924,0.8633093525179856,0.8444444444444444
lr_word_legacy,lr,word,legacy,"{""clf__C"": 1.0, ""clf__class_weight"": ""balanced"", ""features__max_features"": 1000}",0.8925325691851898,0.02385361373184789,3,0.8627450980392157,0.8774193548387097,0.9308176100628931,0.8848484848484849,0.906832298136646
lr_word_legacy,lr,word,legacy,"{""clf__C"": 0.5, ""clf__class_weight"": null, ""features__max_features"": 5000}",0.5308419759889347,0.03806112780211986,8,0.4854368932038835,0.5142857142857142,0.5094339622641509,0.5504587155963303,0.5945945945945946
lr_word_legacy,lr,word,legacy,"{""clf__C"": 0.5, ""clf__class_weight"": ""balanced"", ""features__max_features"": 5000}",0.9051404378336466,0.026877687721077435,2,0.8627450980392157,0.8930817610062893,0.9375,0.9024390243902439,0.9299363057324841
lr_word_legacy,lr,word,legacy,"{""clf__C"": 1.0, ""clf__class_weight"": null, ""features__max_features"": 5000}",0.7629786622295123,0.039860860211738874,6,0.765625,0.752,0.6942148760330579,0.7938931297709924,0.8091603053435115
lr_word_legacy,lr,word,legacy,"{""clf__C"": 1.0, ""clf__class_weight"": ""balanced"", ""features__max_features"": 5000}",0.9111041959948988,0.027609578111224067,1,0.868421052631579,0.8930817610062893,0.9367088607594937,0.9146341463414634,0.9426751592356688
svc_word_legacy,svc,word,legacy,"{""clf__C"": 0.5, ""clf__class_weight"": null, ""features__max_features"": 1000}",0.898825797324105,0.026466009767190643,6,0.8633093525179856,0.8811188811188811,0.896551724137931,0.912751677852349,0.9403973509933775
svc_word_legacy,svc,word,legacy,"{""clf__C"": 0.5, ""clf__class_weight"": ""balanced"", ""features__max_features"": 1000}",0.8912237759611482,0.025297411736075217,8,0.8627450980392157,0.8758169934640523,0.9240506329113924,0.874251497005988,0.9192546583850931
svc_word_legacy,svc,word,legacy,"{""clf__C"": 1.0, ""clf__class_weight"": null, ""features__max_features"": 1000}",0.9087237711647989,0.02108231521773228,4,0.8794326241134752,0.896551724137931,0.9054054054054054,0.9210526315789473,0.9411764705882353
svc_word_legacy,svc,word,legacy,"{""clf__C"": 1.0, ""clf__class_weight"": ""balanced"", ""features__max_features"": 1000}",0.8937316651602366,0.008769015077460245,7,0.8843537414965986,0.8888888888888888,0.8974358974358975,0.8888888888888888,0.9090909090909091
svc_word_legacy,svc,word,legacy,"{""clf__C"": 0.5, ""clf__class_weight"": null, ""features__max_features"": 5000}",0.9066057520189071,0.02818159689429244,5,0.8633093525179856,0.8951048951048951,0.9027777777777778,0.9251700680272109,0.9466666666666667
svc_word_legacy,svc,word,legacy,"{""clf__C"": 0.5, ""clf__class_weight"": ""balanced"", ""features__max_features"": 5000}",0.9139648770902348,0.024538961493056583,3,0.8767123287671232,0.9006622516556292,0.948051948051948,0.9135802469135802,0.9308176100628931
svc_word_legacy,svc,word,legacy,"{""clf__C"": 1.0, ""clf__class_weight"": null, ""features__max_features"": 5000}",0.9248537494055551,0.022274822414722534,1,0.8951048951048951,0.9103448275862069,0.9178082191780822,0.9473684210526315,0.9536423841059603
svc_word_legacy,svc,word,legacy,"{""clf__C"": 1.0, ""clf__class_weight"": ""balanced"", ""features__max_features"": 5000}",0.9214372147401362,0.028871325254096702,2,0.8767123287671232,0.8993288590604027,0.9395973154362416,0.9367088607594937,0.9548387096774194
rf_word_legacy,rf,word,legacy,"{""clf__max_depth"": null, ""clf__min_samples_leaf"": 1, ""features__max_features"": 1000}",0.8706781563590473,0.030671147818420848,1,0.8296296296296296,0.8613138686131386,0.8633093525179856,0.875,0.9241379310344827
rf_word_legacy,rf,word,legacy,"{""clf__max_depth"": null, ""clf__min_samples_leaf"": 2, ""features__max_features"": 1000}",0.8536511797175272,0.03555623016726465,2,0.8382352941176471,0.8270676691729323,0.8382352941176471,0.8405797101449275,0.9241379310344827
rf_word_legacy,rf,word,legacy,"{""clf__max_depth"": 20, ""clf__min_samples_leaf"": 1, ""features__max_features"": 1000}",0.8256266122299533,0.03910455433931212,4,0.7906976744186046,0.8181818181818182,0.803030303030303,0.8148148148148148,0.9014084507042254
rf_word_legacy,rf,word,legacy,"{""clf__max_depth"": 20, ""clf__min_samples_leaf"": 2, ""features__max_features"": 1000}",0.799937662650862,0.03960974825884357,6,0.7716535433070866,0.78125,0.7751937984496124,0.7938931297709924,0.8776978417266187
rf_word_legacy,rf,word,legacy,"{""clf__max_depth"": null, ""clf__min_samples_leaf"": 1, ""features__max_features"": 5000}",0.8413688759137617,0.02594700366743097,3,0.8,0.8444444444444444,0.8296296296296296,0.855072463768116,0.8776978417266187
rf_word_legacy,rf,word,legacy,"{""clf__max_depth"": null, ""clf__min_samples_leaf"": 2, ""features__max_features"": 5000}",0.8148643453459306,0.04230380536464313,5,0.7751937984496124,0.8,0.7846153846153846,0.8208955223880597,0.8936170212765957
rf_word_legacy,rf,word,legacy,"{""clf__max_depth"": 20, ""clf__min_samples_leaf"": 1, ""features__max_features"": 5000}",0.7098679077370894,0.03053164222200299,7,0.6890756302521008,0.7213114754098361,0.6610169491525424,0.736,0.7419354838709677
rf_word_legacy,rf,word,legacy,"{""clf__max_depth"": 20, ""clf__min_samples_leaf"": 2, ""features__max_features"": 5000}",0.677387438539691,0.027934461558327992,8,0.7,0.6779661016949152,0.6260869565217392,0.7049180327868853,0.6779661016949152
linear_svc_word_legacy,linear_svc,word,legacy,"{""clf__C"": 0.5, ""clf__class_weight"": null, ""features__max_features"": 1000}",0.9043094520664283,0.026632458903117707,6,0.8671328671328671,0.8888888888888888,0.912751677852349,0.9054054054054054,0.9473684210526315
linear_svc_word_legacy,linear_svc,word,legacy,"{""clf__C"": 0.5, ""clf__class_weight"": ""balanced"", ""features__max_features"": 1000}",0.8993830582464575,0.01665631714652075,8,0.8859060402684564,0.8888888888888888,0.9240506329113924,0.8834355828220859,0.9146341463414634
linear_svc_word_legacy,linear_svc,word,legacy,"{""clf__C"": 1.0, ""clf__class_weight"": null, ""features__max_features"": 1000}",0.9105791806013407,0.02456796011336188,5,0.8767123287671232,0.896551724137931,0.9261744966442953,0.9054054054054054,0.948051948051948
linear_svc_word_legacy,linear_svc,word,legacy,"{""clf__C"": 1.0, ""clf__class_weight"": ""balanced"", ""features__max_features"": 1000}",0.9010664240121647,0.012712036281003775,7,0.8843537414965986,0.8947368421052632,0.9171974522292994,0.8944099378881988,0.9146341463414634
linear_svc_word_legacy,linear_svc,word,legacy,"{""clf__C"": 0.5, ""clf__class_weight"": null, ""features__max_features"": 5000}",0.9205258616614111,0.02372982896672712,4,0.8873239436619719,0.9103448275862069,0.9178082191780822,0.9271523178807947,0.96
linear_svc_word_legacy,linear_svc,word,legacy,"{""clf__C"": 0.5, ""clf__class_weight"": ""balanced"", ""features__max_features"": 5000}",0.9238525340058008,0.032301637011980244,3,0.8767123287671232,0.8947368421052632,0.961038961038961,0.9440993788819876,0.9426751592356688
linear_svc_word_legacy,linear_svc,word,legacy,"{""clf__C"": 1.0, ""clf__class_weight"": null, ""features__max_features"": 5000}",0.9250141166477295,0.027670067966179206,2,0.8873239436619719,0.9041095890410958,0.9395973154362416,0.9271523178807947,0.9668874172185431
linear_svc_word_legacy,linear_svc,word,legacy,"{""clf__C"": 1.0, ""clf__class_weight"": ""balanced"", ""features__max_features"": 5000}",0.9283492901730771,0.03232601430195187,1,0.8827586206896552,0.8993288590604027,0.9673202614379085,0.9375,0.9548387096774194
linear_svc_char_legacy,linear_svc,char,legacy,"{""clf__C"": 0.5, ""clf__class_weight"": null, ""features__max_features"": 1000}",0.921295884798699,0.019304653384719733,5,0.8951048951048951,0.9103448275862069,0.9411764705882353,0.9139072847682119,0.9459459459459459
linear_svc_char_legacy,linear_svc,char,legacy,"{""clf__C"": 0.5, ""clf__class_weight"": ""balanced"", ""features__max_features"": 1000}",0.9111867779383911,0.00991499623163974,8,0.9066666666666666,0.9102564102564102,0.9192546583850931,0.8957055214723927,0.9240506329113924
linear_svc_char_legacy,linear_svc,char,legacy,"{""clf__C"": 1.0, ""clf__class_weight"": null, ""features__max_features"": 1000}",0.9178036811429238,0.021601479791129256,6,0.8951048951048951,0.9041095890410958,0.9411764705882353,0.9019607843137255,0.9466666666666667
linear_svc_char_legacy,linear_svc,char,legacy,"{""clf__C"": 1.0, ""clf__class_weight"": ""balanced"", ""features__max_features"": 1000}",0.9118882566312261,0.017614623403892218,7,0.912751677852349,0.8947368421052632,0.925,0.8902439024390244,0.9367088607594937
linear_svc_char_legacy,linear_svc,char,legacy,"{""clf__C"": 0.5, ""clf__class_weight"": null, ""features__max_features"": 5000}",0.9360359920168022,0.024463664783761725,4,0.8951048951048951,0.9315068493150684,0.9324324324324325,0.954248366013072,0.9668874172185431
linear_svc_char_legacy,linear_svc,char,legacy,"{""clf__C"": 0.5, ""clf__class_weight"": ""balanced"", ""features__max_features"": 5000}",0.9381482064366564,0.015910574586012232,3,0.9115646258503401,0.9403973509933775,0.935064935064935,0.9426751592356688,0.961038961038961
linear_svc_char_legacy,linear_svc,char,legacy,"{""clf__C"": 1.0, ""clf__class_weight"": null, ""features__max_features"": 5000}",0.9407314036994043,0.018254769767201976,1,0.9103448275862069,0.9387755102040817,0.9395973154362416,0.948051948051948,0.9668874172185431
linear_svc_char_legacy,linear_svc,char,legacy,"{""clf__C"": 1.0, ""clf__class_weight"": ""balanced"", ""features__max_features"": 5000}",0.9404609685612556,0.016176177168869727,2,0.9115646258503401,0.9403973509933775,0.9473684210526315,0.9419354838709677,0.961038961038961
linear_svc_word_gentle,linear_svc,word,gentle,"{""clf__C"": 0.5, ""clf__class_weight"": null, ""features__max_features"": 1000}",0.9315567884369317,0.019290575713802553,6,0.9103448275862069,0.9178082191780822,0.9210526315789473,0.948051948051948,0.9605263157894737
linear_svc_word_gentle,linear_svc,word,gentle,"{""clf__C"": 0.5, ""clf__class_weight"": ""balanced"", ""features__max_features"": 1000}",0.920990716623255,0.011113121978154816,8,0.9066666666666666,0.9290322580645162,0.9125,0.9192546583850931,0.9375
linear_svc_word_gentle,linear_svc,word,gentle,"{""clf__C"": 1.0, ""clf__class_weight"": null, ""features__max_features"": 1000}",0.9346691380257294,0.023103991743623986,5,0.9041095890410958,0.9251700680272109,0.9281045751633987,0.9419354838709677,0.974025974025974
linear_svc_word_gentle,linear_svc,word,gentle,"{""clf__C"": 1.0, ""clf__class_weight"": ""balanced"", ""features__max_features"": 1000}",0.9216873339340642,0.00926377660095907,7,0.9066666666666666,0.922077922077922,0.9171974522292994,0.9308176100628931,0.9316770186335404
linear_svc_word_gentle,linear_svc,word,gentle,"{""clf__C"": 0.5, ""clf__class_weight"": null, ""features__max_features"": 5000}",0.9390176952879111,0.02504594001068579,4,0.9027777777777778,0.9315068493150684,0.9261744966442953,0.967741935483871,0.9668874172185431
linear_svc_word_gentle,linear_svc,word,gentle,"{""clf__C"": 0.5, ""clf__class_weight"": ""balanced"", ""features__max_features"": 5000}",0.9414921190100024,0.020699696806960727,3,0.9066666666666666,0.9290322580645162,0.954248366013072,0.9559748427672956,0.9615384615384616
linear_svc_word_gentle,linear_svc,word,gentle,"{""clf__C"": 1.0, ""clf__class_weight"": null, ""features__max_features"": 5000}",0.9458866218615887,0.0286237285965612,2,0.9027777777777778,0.9315068493150684,0.9403973509933775,0.9743589743589743,0.9803921568627451
linear_svc_word_gentle,linear_svc,word,gentle,"{""clf__C"": 1.0, ""clf__class_weight"": ""balanced"", ""features__max_features"": 5000}",0.9459581540237538,0.020602601753782125,1,0.9115646258503401,0.9342105263157895,0.954248366013072,0.9620253164556962,0.967741935483871
linear_svc_char_gentle,linear_svc,char,gentle,"{""clf__C"": 0.5, ""clf__class_weight"": null, ""features__max_features"": 1000}",0.9247165020501538,0.021484598780133698,5,0.9103448275862069,0.9115646258503401,0.9473684210526315,0.9006622516556292,0.9536423841059603
linear_svc_char_gentle,linear_svc,char,gentle,"{""clf__C"": 0.5, ""clf__class_weight"": ""balanced"", ""features__max_features"": 1000}",0.9164015436374431,0.010829836601155902,7,0.92,0.9,0.925,0.9079754601226994,0.9290322580645162
linear_svc_char_gentle,linear_svc,char,gentle,"{""clf__C"": 1.0, ""clf__class_weight"": null, ""features__max_features"": 1000}",0.921075433485079,0.02232138627056815,6,0.9103448275862069,0.9041095890410958,0.9411764705882353,0.8961038961038961,0.9536423841059603
linear_svc_char_gentle,linear_svc,char,gentle,"{""clf__C"": 1.0, ""clf__class_weight"": ""balanced"", ""features__max_features"": 1000}",0.9032840196603071,0.016319981955501654,8,0.918918918918919,0.8789808917197452,0.9182389937106918,0.8888888888888888,0.9113924050632911
linear_svc_char_gentle,linear_svc,char,gentle,"{""clf__C"": 0.5, ""clf__class_weight"": null, ""features__max_features"": 5000}",0.9360967848952615,0.022557219845868424,4,0.9027777777777778,0.9241379310344827,0.9324324324324325,0.954248366013072,0.9668874172185431
linear_svc_char_gentle,linear_svc,char,gentle,"{""clf__C"": 0.5, ""clf__class_weight"": ""balanced"", ""features__max_features"": 5000}",0.9432942147312551,0.0150940103362637,1,0.9178082191780822,0.9466666666666667,0.954248366013072,0.9367088607594937,0.961038961038961
linear_svc_char_gentle,linear_svc,char,gentle,"{""clf__C"": 1.0, ""clf__class_weight"": null, ""features__max_features"": 5000}",0.9421841005624414,0.02089394408046914,2,0.9103448275862069,0.9315068493150684,0.9466666666666667,0.9487179487179487,0.9736842105263158
linear_svc_char_gentle,linear_svc,char,gentle,"{""clf__C"": 1.0, ""clf__class_weight"": ""balanced"", ""features__max_features"": 5000}",0.9418803444851701,0.01504290016674421,3,0.9178082191780822,0.9395973154362416,0.954248366013072,0.9367088607594937,0.961038961038961
linear_svc_word_char_gentle,linear_svc,word_char,gentle,"{""clf__C"": 0.5, ""clf__class_weight"": null, ""features__union__char__max_features"": 500, ""features__union__word__max_features"": 500}",0.9342189167992032,0.02213013774560666,7,0.9041095890410958,0.9115646258503401,0.9473684210526315,0.948051948051948,0.96
linear_svc_word_char_gentle,linear_svc,word_char,gentle,"{""clf__C"": 0.5, ""clf__class_weight"": ""balanced"", ""features__union__char__max_features"": 500, ""features__union__word__max_features"": 500}",0.9344852334166955,0.023962790211237168,6,0.9054054054054054,0.9426751592356688,0.9559748427672956,0.906832298136646,0.9615384615384616
linear_svc_word_char_gentle,linear_svc,word_char,gentle,"{""clf__C"": 1.0, ""clf__class_weight"": null, ""features__union__char__max_features"": 500, ""features__union__word__max_features"": 500}",0.9347827803428533,0.017876598370068338,5,0.9041095890410958,0.9261744966442953,0.948051948051948,0.9419354838709677,0.9536423841059603
linear_svc_word_char_gentle,linear_svc,word_char,gentle,"{""clf__C"": 1.0, ""clf__class_weight"": ""balanced"", ""features__union__char__max_features"": 500, ""features__union__word__max_features"": 500}",0.93337927671261,0.024981123961983695,8,0.9054054054054054,0.9487179487179487,0.95,0.9012345679012346,0.9615384615384616
linear_svc_word_char_gentle,linear_svc,word_char,gentle,"{""clf__C"": 0.5, ""clf__class_weight"": null, ""features__union__char__max_features"": 2500, ""features__union__word__max_features"": 2500}",0.9404174153982258,0.022032475307214045,3,0.9027777777777778,0.9315068493150684,0.9466666666666667,0.954248366013072,0.9668874172185431
linear_svc_word_char_gentle,linear_svc,word_char,gentle,"{""clf__C"": 0.5, ""clf__class_weight"": ""balanced"", ""features__union__char__max_features"": 2500, ""features__union__word__max_features"": 2500}",0.9411250267091471,0.015161493439582124,2,0.918918918918919,0.9342105263157895,0.954248366013072,0.9367088607594937,0.9615384615384616
linear_svc_word_char_gentle,linear_svc,word_char,gentle,"{""clf__C"": 1.0, ""clf__class_weight"": null, ""features__union__char__max_features"": 2500, ""features__union__word__max_features"": 2500}",0.9435435787476163,0.018685440019218624,1,0.9178082191780822,0.9315068493150684,0.9466666666666667,0.948051948051948,0.9736842105263158
linear_svc_word_char_gentle,linear_svc,word_char,gentle,"{""clf__C"": 1.0, ""clf__class_weight"": ""balanced"", ""features__union__char__max_features"": 2500, ""features__union__word__max_features"": 2500}",0.9383588740167463,0.01651791539338419,4,0.918918918918919,0.9271523178807947,0.954248366013072,0.9299363057324841,0.9615384615384616
linear_svc_char_no_punctuation,linear_svc,char,no_punctuation,"{""clf__C"": 0.5, ""clf__class_weight"": null, ""features__max_features"": 1000}",0.921340439496765,0.019570380967519695,5,0.8951048951048951,0.9178082191780822,0.9411764705882353,0.9066666666666666,0.9459459459459459
linear_svc_char_no_punctuation,linear_svc,char,no_punctuation,"{""clf__C"": 0.5, ""clf__class_weight"": ""balanced"", ""features__max_features"": 1000}",0.9086226753742885,0.01137439028819697,8,0.9066666666666666,0.8974358974358975,0.9192546583850931,0.8957055214723927,0.9240506329113924
linear_svc_char_no_punctuation,linear_svc,char,no_punctuation,"{""clf__C"": 1.0, ""clf__class_weight"": null, ""features__max_features"": 1000}",0.9148473197205982,0.023810159524174514,6,0.8951048951048951,0.896551724137931,0.9411764705882353,0.8947368421052632,0.9466666666666667
linear_svc_char_no_punctuation,linear_svc,char,no_punctuation,"{""clf__C"": 1.0, ""clf__class_weight"": ""balanced"", ""features__max_features"": 1000}",0.910773864061945,0.017725168990255277,7,0.918918918918919,0.8888888888888888,0.925,0.8902439024390244,0.9308176100628931
linear_svc_char_no_punctuation,linear_svc,char,no_punctuation,"{""clf__C"": 0.5, ""clf__class_weight"": null, ""features__max_features"": 5000}",0.9317351603738441,0.024559593447001312,4,0.8951048951048951,0.9315068493150684,0.9178082191780822,0.9473684210526315,0.9668874172185431
linear_svc_char_no_punctuation,linear_svc,char,no_punctuation,"{""clf__C"": 0.5, ""clf__class_weight"": ""balanced"", ""features__max_features"": 5000}",0.9394865923110416,0.016505426683745175,2,0.9115646258503401,0.9403973509933775,0.935064935064935,0.9493670886075949,0.961038961038961
linear_svc_char_no_punctuation,linear_svc,char,no_punctuation,"{""clf__C"": 1.0, ""clf__class_weight"": null, ""features__max_features"": 5000}",0.9408674695247627,0.02007834854127187,1,0.9103448275862069,0.9387755102040817,0.9395973154362416,0.9419354838709677,0.9736842105263158
linear_svc_char_no_punctuation,linear_svc,char,no_punctuation,"{""clf__C"": 1.0, ""clf__class_weight"": ""balanced"", ""features__max_features"": 5000}",0.9379773246868274,0.015947317503616477,3,0.9115646258503401,0.9403973509933775,0.9342105263157895,0.9426751592356688,0.961038961038961
linear_svc_char_no_currency,linear_svc,char,no_currency,"{""clf__C"": 0.5, ""clf__class_weight"": null, ""features__max_features"": 1000}",0.9221372061282296,0.02157604562428676,6,0.9103448275862069,0.9115646258503401,0.9403973509933775,0.8947368421052632,0.9536423841059603
linear_svc_char_no_currency,linear_svc,char,no_currency,"{""clf__C"": 0.5, ""clf__class_weight"": ""balanced"", ""features__max_features"": 1000}",0.9176062001955672,0.01402789776454544,7,0.912751677852349,0.9,0.9382716049382716,0.9079754601226994,0.9290322580645162
linear_svc_char_no_currency,linear_svc,char,no_currency,"{""clf__C"": 1.0, ""clf__class_weight"": null, ""features__max_features"": 1000}",0.9224998155546225,0.02086196831487091,5,0.9103448275862069,0.9041095890410958,0.9411764705882353,0.9032258064516129,0.9536423841059603
linear_svc_char_no_currency,linear_svc,char,no_currency,"{""clf__C"": 1.0, ""clf__class_weight"": ""balanced"", ""features__max_features"": 1000}",0.9069241289304983,0.016727840444389994,8,0.918918918918919,0.8846153846153846,0.925,0.8888888888888888,0.9171974522292994
linear_svc_char_no_currency,linear_svc,char,no_currency,"{""clf__C"": 0.5, ""clf__class_weight"": null, ""features__max_features"": 5000}",0.9360967848952615,0.022557219845868424,4,0.9027777777777778,0.9241379310344827,0.9324324324324325,0.954248366013072,0.9668874172185431
linear_svc_char_no_currency,linear_svc,char,no_currency,"{""clf__C"": 0.5, ""clf__class_weight"": ""balanced"", ""features__max_features"": 5000}",0.9433924042701504,0.01413070167914235,1,0.9178082191780822,0.9466666666666667,0.948051948051948,0.9433962264150944,0.961038961038961
linear_svc_char_no_currency,linear_svc,char,no_currency,"{""clf__C"": 1.0, ""clf__class_weight"": null, ""features__max_features"": 5000}",0.9408247419008868,0.018929036649605758,3,0.9103448275862069,0.9315068493150684,0.9466666666666667,0.9487179487179487,0.9668874172185431
linear_svc_char_no_currency,linear_svc,char,no_currency,"{""clf__C"": 1.0, ""clf__class_weight"": ""balanced"", ""features__max_features"": 5000}",0.9430736041804051,0.014820339875957482,2,0.9178082191780822,0.9395973154362416,0.954248366013072,0.9426751592356688,0.961038961038961
