attack_type,intensity,seed,dataset_sha256,changed_spam,changed_ham
leet,0.0,10042,2111a10f102c07d37a1150621d1b9e8951ec81d877da0b8767aadcd2b8c1eb84,0,0
leet,0.0,10043,2111a10f102c07d37a1150621d1b9e8951ec81d877da0b8767aadcd2b8c1eb84,0,0
leet,0.0,10044,2111a10f102c07d37a1150621d1b9e8951ec81d877da0b8767aadcd2b8c1eb84,0,0
leet,0.0,10045,2111a10f102c07d37a1150621d1b9e8951ec81d877da0b8767aadcd2b8c1eb84,0,0
leet,0.0,10046,2111a10f102c07d37a1150621d1b9e8951ec81d877da0b8767aadcd2b8c1eb84,0,0
leet,0.0,10047,2111a10f102c07d37a1150621d1b9e8951ec81d877da0b8767aadcd2b8c1eb84,0,0
leet,0.0,10048,2111a10f102c07d37a1150621d1b9e8951ec81d877da0b8767aadcd2b8c1eb84,0,0
leet,0.0,10049,2111a10f102c07d37a1150621d1b9e8951ec81d877da0b8767aadcd2b8c1eb84,0,0
leet,0.0,10050,2111a10f102c07d37a1150621d1b9e8951ec81d877da0b8767aadcd2b8c1eb84,0,0
leet,0.0,10051,2111a10f102c07d37a1150621d1b9e8951ec81d877da0b8767aadcd2b8c1eb84,0,0
leet,0.0,10052,2111a10f102c07d37a1150621d1b9e8951ec81d877da0b8767aadcd2b8c1eb84,0,0
leet,0.0,10053,2111a10f102c07d37a1150621d1b9e8951ec81d877da0b8767aadcd2b8c1eb84,0,0
leet,0.0,10054,2111a10f102c07d37a1150621d1b9e8951ec81d877da0b8767aadcd2b8c1eb84,0,0
leet,0.0,10055,2111a10f102c07d37a1150621d1b9e8951ec81d877da0b8767aadcd2b8c1eb84,0,0
leet,0.0,10056,2111a10f102c07d37a1150621d1b9e8951ec81d877da0b8767aadcd2b8c1eb84,0,0
leet,0.0,10057,2111a10f102c07d37a1150621d1b9e8951ec81d877da0b8767aadcd2b8c1eb84,0,0
leet,0.0,10058,2111a10f102c07d37a1150621d1b9e8951ec81d877da0b8767aadcd2b8c1eb84,0,0
leet,0.0,10059,2111a10f102c07d37a1150621d1b9e8951ec81d877da0b8767aadcd2b8c1eb84,0,0
leet,0.0,10060,2111a10f102c07d37a1150621d1b9e8951ec81d877da0b8767aadcd2b8c1eb84,0,0
leet,0.0,10061,2111a10f102c07d37a1150621d1b9e8951ec81d877da0b8767aadcd2b8c1eb84,0,0
leet,0.1,10042,08036d575281cc50addbcd4586bb94a005fc97106041feeeaf79e9f1e108b626,131,0
leet,0.1,10043,758a810d9828b8dd775d401e6a47ee6917c9b7497e269857a64de72f01df7282,131,0
leet,0.1,10044,ee3b36c48e930b572921bb30846d6858276e27cf85ecd01cacfd5534ad079b02,129,0
leet,0.1,10045,067bcbf2faff15663571a3f7a1254794cf69c2de18f419461346cf02f8e8b169,131,0
leet,0.1,10046,83df74970fc60164b6aab77f4af755f550313dda5f2f163054ce27ffe1926200,129,0
leet,0.1,10047,b7bdfe72a43affe6512fdda3702d2f51813b8279594532105ca905a15d54b87e,131,0
leet,0.1,10048,6af6286eb2348a8087be293599ff9092197d8151e9de549db262548d1aafdf32,132,0
leet,0.1,10049,f97c710f3bebfcb9930ac67c675b3a7c2be06d1061c1793e970754b34d9aa47b,132,0
leet,0.1,10050,82330dc3fd2a9fd5da25ce476c05e5989e7d003640d5d2fb0d896ed9b5829ca9,129,0
leet,0.1,10051,9a77b98331b16969605b9c6e15ff0fe06d6b8bd9dde394b8a817c9a9c897d4be,130,0
leet,0.1,10052,37487a415208c8b8b2f911a0abfda7abd5b8cf3b355aaa75589641c592b1c310,132,0
leet,0.1,10053,bb010b4e7000d254a9e06899773d6685ccd1e861f66ceb1625c6c6e4b11d6b0f,129,0
leet,0.1,10054,5ab66351fd4e98dfa4c95a79fdb6d36e82864c1368eb7a9a2bc383f6a0afcde9,131,0
leet,0.1,10055,a8d3720fd15c3a6e6f49ed74392397a3e0c3da035ed4976ad9b8d55f046893de,128,0
leet,0.1,10056,12935ba83e3ab9c98156943a26d0fc08213f3acc7d4aca1643a6111aee8ddab7,131,0
leet,0.1,10057,aeb2956dc51504122bbbcbd4bb0dfe13e7d41655647bba131d31487672fec948,130,0
leet,0.1,10058,00c509a7aae4aedabe6f94da6864729914bf6d3ed7eadcd7e706f8653207c86c,129,0
leet,0.1,10059,78ec622c4c284c23668e82272509767441c71bcd1b5d251b6291dee01723ec76,129,0
leet,0.1,10060,6e92b1f63b9ba2f5abfbd23474125ce370f82e530d641ef3c13e96d7030c4cdf,131,0
leet,0.1,10061,ae10ab55c0f7e63f7a3182e4c1aa89016f81f029f7185ad49d9194dacdf9e754,131,0
leet,0.2,10042,27b14ddda7d23e71d9d283bb8c83e6a91a6fd7e792ffa32fde598ea62f2991f3,132,0
leet,0.2,10043,7e7c3428fcc99e9421c9374c96b29614f24a338245ee61a8e1aeddaaded3a1ae,132,0
leet,0.2,10044,78bd84e08c6150daf3f33e03e9e822bc835534b6db80e1ffd4957a4c1b92772b,132,0
leet,0.2,10045,2fe825de5b1fedf8102927bc465c97d0fa92198287050eb7d194d0961332a256,132,0
leet,0.2,10046,e261ae46e91f5873d962f803c5984e4c57db785bad9fcb07803307e523982342,132,0
leet,0.2,10047,eaa5adf0a96b49c304c62b3888cf363b3a57e42a994798268d85a64efc81c471,132,0
leet,0.2,10048,6dd26c30190a7fd47aeca6d9f63f647ac2b25c747ce21aa793ac78612af08612,132,0
leet,0.2,10049,dfa91771eb11f5f27f9573a3ea044e96c292c95ec58996010079fe35ab425f87,132,0
leet,0.2,10050,010db10cb1ffc720a9366778d847637456101173043d4b6de4c6a16ddf200d4a,132,0
leet,0.2,10051,5e9f0a63281246e9c84c8cc135fb145b3cfa95124a980130f9506c7ad99d6c39,131,0
leet,0.2,10052,335e000094e2631e7c93dba11b9187dab994fa3fce461ac6d7b001517fe38718,132,0
leet,0.2,10053,d15f057d8188306803a0280cb4bda6fe39095c94907bf3b74497f3965621b831,132,0
leet,0.2,10054,c1d2376cd2223c791dfc5fdecf0915ddfacab5cd5d808781150e83774953ef4a,132,0
leet,0.2,10055,abb7bdf4effd8d7e2e096ab165e2d1d409bb4d9fe38ec1898e3eb936e5915a06,132,0
leet,0.2,10056,191eb66403762b40aae63e426abf685817a45af09551e7bf87f3260d87b95e43,131,0
leet,0.2,10057,bfcfda1120a20da141a10d80bbcd9a2a1c27141440d478acd8f39054637bb8d4,132,0
leet,0.2,10058,ac5cbab3e8d20789a0eb5685be9b64122c30e5d2ee61e261a7626968ccc475dc,132,0
leet,0.2,10059,04c33297663dce923c1813f3ce01dbfcd419bf36b2b4b49e84775b4ceeb57168,132,0
leet,0.2,10060,474eee3ea3b2eb261174c99ffc5df4d76d7751968a8af0d0ede0c92715be6a01,132,0
leet,0.2,10061,0ba6fb1a10013f8560620063f28c7d64ce9ad53e3ad29bccb1d3a05194a64eea,132,0
leet,0.3,10042,64f986ec6c2e469a7e29804735c98dddba9ef7bff89fc2d93671a4615acd4849,132,0
leet,0.3,10043,2dda4caf50d6160acc836957ca9ac5b26d027addccebd9b81b49fb2eaef0faa6,132,0
leet,0.3,10044,36a1fd0d05993723a1fe56c404d594d817e79dfb54a31c567c0d4994a633a740,132,0
leet,0.3,10045,ad95c3f54d8441622ced0181e451c05e71dbc2d66cca52c8f3ae41aaeb637e24,132,0
leet,0.3,10046,65162b856be5718706668fbf01b63ad14d175a36a4d817dbe5e209a948ce1d2f,132,0
leet,0.3,10047,c5f6f1fdeca9919168d98a3326b92518b8df2b2c5260d3b25d0a6cbf53b36cc2,132,0
leet,0.3,10048,3481594742e199567f253b56d866044fae49e7bdff08958e92ed1bbb4ebe9dc0,132,0
leet,0.3,10049,816b0b541e58d1dcf3850dfc84815af33b9e67bbc9e311db4b0778316b28e65d,132,0
leet,0.3,10050,ed68b05ec9f66abb99e685effbdba9d7ee619f1602a4e985b075338bf0137c7b,132,0
leet,0.3,10051,0edaa43a58bc354b688567c43253675e5295a219428f30d11775342900cd2dba,132,0
leet,0.3,10052,13d89c3855c2b90ec7392f8d0c48d40d52c58e842c9c08dd8987ffbd5b9bb8a2,132,0
leet,0.3,10053,d7577aac8f627cbc37ace9bef4dd912ad373e945a4cc46d395efeb9ba85e984f,132,0
leet,0.3,10054,4d71aa258b872cb4d56d5a529878010299b5f08d300d31440e88408ffcc3ab38,132,0
leet,0.3,10055,ef4af6ac28bcb0c58f87aaab05cf712654129caf3b6b4c7ee3cf3af06d0a1fcb,131,0
leet,0.3,10056,11e7787f7ca5532df47c09774d2786d6799e62e30e38b64661e3d14857f6bacf,132,0
leet,0.3,10057,76696a7cbbcf5c040b7a00c0f39c456676adca570977b8810a06428f0aca47ac,131,0
leet,0.3,10058,6a04f023dd17f35c8f85ea128ec09f39f5128060d869a829cb0ba1ef15d4f16e,132,0
leet,0.3,10059,f7194ef0f85b95936e418e6eeb6ba018187e74f51d377171f3104e24a81be6cc,132,0
leet,0.3,10060,5281e603d583b187b756c966d257024ccbb2f19903797d223c4a7ee8f743519e,132,0
leet,0.3,10061,a76f627ca501969c8f230658903d436176dbab06cf9563310b4b59f4bddfe6ea,132,0
leet,0.4,10042,c228f0ac21d5878b84f9ce3c6909943cbbfe46e4af628ba777ff29a06d1afa3a,132,0
leet,0.4,10043,395ffb46a4f06c4d396c9662b94e08115504ee214bb9b5ed6c1983a67ee73b8f,132,0
leet,0.4,10044,923a083b3a6c4e8b986b2a3a88bf2b5b6fc57436e96913aa5d11b1e2f7aa4419,132,0
leet,0.4,10045,1b7b870679088e19d6ed5ffddbcc7f022b56b5f1862e4476ab9d00dc9ae4334d,132,0
leet,0.4,10046,73834405a7e22216b001f3a17a9df7c7c5c55131f8295295ea26bd1e7106c1cb,131,0
leet,0.4,10047,126c5d2208731b6d04e1ffcb7a1367ad042356c38442318189fa48a1e20863c8,132,0
leet,0.4,10048,520c8062eaa95537a2af238600c122885c2a0e5b5c9260117e38c98b54459600,132,0
leet,0.4,10049,4992ffdb45cc0b8386b3414cdf3d7576ca6f1c34556e05a162c40f51112a5d15,132,0
leet,0.4,10050,eeec67f31d7283846e4dfe8b1c675c23ed56a894d175a0746787ce097dc5401a,132,0
leet,0.4,10051,1fd128b1e349e596d35b9f0996af7af91e090f3cd6d246f4f33aa2f5f67a1328,132,0
leet,0.4,10052,f93d30f1f2805bf212bb94a1b4d1200a61ff2e536a169525bead95db76fc2f7b,132,0
leet,0.4,10053,e1af814342b21a5c271541fc9348e94a6e646b1f62a0357d1b636a4d9a86491b,132,0
leet,0.4,10054,84dd0f8f05595d789182b9290e98e7aba69295697a073cf4b750774ed9634529,132,0
leet,0.4,10055,b6dfe6098cd3db4ff21faf0886f564f544f2c7560e07d8794f791f4daa5060f5,132,0
leet,0.4,10056,4796b1cf2c8d6a8f9b99cf170c20972c3b87b88fb84ff1b25ebb8478a8af1036,132,0
leet,0.4,10057,ebbd7cd37dd4afc4a99ea658768d4078ffb1f44d81b50fa69c8f126314a81661,132,0
leet,0.4,10058,008a9aa9580dd8cedf0fabac55aee0ceec8d945c3186e0ed173bd670f029431d,132,0
leet,0.4,10059,8f90d365b296013524485969ec2cdee1e8ca4b9671788dba52136013a8d8e768,132,0
leet,0.4,10060,d8140326b1aff91e9db0b0cbc338cbccf560539269ed86c9cc1a8ab9911787f3,132,0
leet,0.4,10061,0541febb1a729ceffbff833c92eb2792aab239e28e00847fd27295e0b6398316,132,0
leet,0.5,10042,b476c3a245c28377dfeb44be3d6a97c7ef524bcbaedc7aab6b64f9152b3cb7ef,132,0
leet,0.5,10043,b278792803b28d0bb73d922b2b0a36abe324ec0674aaa4338250a7c242037eb8,132,0
leet,0.5,10044,cbb5444bfb32e4b607316868227f1dc215340c9159c6ad16ebc3a8fe1571c5ec,132,0
leet,0.5,10045,e753cf1158c5c05819c5a87906b7b468fca29c5f102c29fb8ca8cfa4d41c00e9,132,0
leet,0.5,10046,7ae2bc043be6577077aa7871cf1910817afa7d354f12296bf992904dd89117bc,132,0
leet,0.5,10047,2e1e32efe89ced3ad14edf3d693c021fd543481340c827c65401563d0c8db95f,132,0
leet,0.5,10048,e8ac3f552384eec0cd8f159c4486c9928d14ddecf81795ea6aa64285adb20e4c,132,0
leet,0.5,10049,3477e9ef600c4a8d718f543f60232ea683db6a17e76b90090745ff25db71a9b2,132,0
leet,0.5,10050,7d64e6ed5bd4025f7b61a7f7efc532d23a994e4297e0118958ed629945df41d2,132,0
leet,0.5,10051,693793fd85180b225e2739ee7390cbbc015c86818542fa98caae5c818b26621d,132,0
leet,0.5,10052,611d73d8e3b88b09d70e6311065f2e5495b885f759b59311caedbb925ef4c436,132,0
leet,0.5,10053,66dfa1c4686ea8e9a394d42b42008c7173a23bfecbee02ad9ddf83a16f7c8c63,132,0
leet,0.5,10054,e94b93ec38c473abdd0c3d217038b6b4767c5affda7ba005725cc1806f5f91e4,132,0
leet,0.5,10055,6ddb37c735bdf59b1234ecc590c4f9b96b2c0303fdf42b78042b0ef018b63b73,132,0
leet,0.5,10056,05a03bbd404a2425343cef54d1a8484b49a08b42e3751da2a44f75ef533a7c73,132,0
leet,0.5,10057,1666cde34cdce7ae1fb314e8f365c540816bb198274f27598e8fae67781b4c30,132,0
leet,0.5,10058,c807dc2944fe61d49125e0ce3e95d230a8506969070e5b64b4ffeb54566bb68d,132,0
leet,0.5,10059,d8989674e692e5a37c743215396bb086276f74e1f83d295591fe1858a7e39c5d,132,0
leet,0.5,10060,0fef8d265d00644afafd82ef95186d5903cbfee36b9f0214f6d9004605dd9c7f,132,0
leet,0.5,10061,304d942c7f04eb820a7c461d080c49e07c53a771a8cbe9af03e4aabe9b29e951,132,0
separators,0.0,10042,2111a10f102c07d37a1150621d1b9e8951ec81d877da0b8767aadcd2b8c1eb84,0,0
separators,0.0,10043,2111a10f102c07d37a1150621d1b9e8951ec81d877da0b8767aadcd2b8c1eb84,0,0
separators,0.0,10044,2111a10f102c07d37a1150621d1b9e8951ec81d877da0b8767aadcd2b8c1eb84,0,0
separators,0.0,10045,2111a10f102c07d37a1150621d1b9e8951ec81d877da0b8767aadcd2b8c1eb84,0,0
separators,0.0,10046,2111a10f102c07d37a1150621d1b9e8951ec81d877da0b8767aadcd2b8c1eb84,0,0
separators,0.0,10047,2111a10f102c07d37a1150621d1b9e8951ec81d877da0b8767aadcd2b8c1eb84,0,0
separators,0.0,10048,2111a10f102c07d37a1150621d1b9e8951ec81d877da0b8767aadcd2b8c1eb84,0,0
separators,0.0,10049,2111a10f102c07d37a1150621d1b9e8951ec81d877da0b8767aadcd2b8c1eb84,0,0
separators,0.0,10050,2111a10f102c07d37a1150621d1b9e8951ec81d877da0b8767aadcd2b8c1eb84,0,0
separators,0.0,10051,2111a10f102c07d37a1150621d1b9e8951ec81d877da0b8767aadcd2b8c1eb84,0,0
separators,0.0,10052,2111a10f102c07d37a1150621d1b9e8951ec81d877da0b8767aadcd2b8c1eb84,0,0
separators,0.0,10053,2111a10f102c07d37a1150621d1b9e8951ec81d877da0b8767aadcd2b8c1eb84,0,0
separators,0.0,10054,2111a10f102c07d37a1150621d1b9e8951ec81d877da0b8767aadcd2b8c1eb84,0,0
separators,0.0,10055,2111a10f102c07d37a1150621d1b9e8951ec81d877da0b8767aadcd2b8c1eb84,0,0
separators,0.0,10056,2111a10f102c07d37a1150621d1b9e8951ec81d877da0b8767aadcd2b8c1eb84,0,0
separators,0.0,10057,2111a10f102c07d37a1150621d1b9e8951ec81d877da0b8767aadcd2b8c1eb84,0,0
separators,0.0,10058,2111a10f102c07d37a1150621d1b9e8951ec81d877da0b8767aadcd2b8c1eb84,0,0
separators,0.0,10059,2111a10f102c07d37a1150621d1b9e8951ec81d877da0b8767aadcd2b8c1eb84,0,0
separators,0.0,10060,2111a10f102c07d37a1150621d1b9e8951ec81d877da0b8767aadcd2b8c1eb84,0,0
separators,0.0,10061,2111a10f102c07d37a1150621d1b9e8951ec81d877da0b8767aadcd2b8c1eb84,0,0
separators,0.1,10042,31436fda1a030242656b41f6f6bf8bf6e2f0c25310af734cf994b6ff7ccc8344,132,0
separators,0.1,10043,4a27d107cc0fe31b8b495075e9af89522012f8ca6b47dd6c6835d023b40f13b2,132,0
separators,0.1,10044,ca4ade60dff2cf11b28e8f6dfc1320991bc85dcf1ebcd42c14f189e4d2b24090,131,0
separators,0.1,10045,6f031c5cf7ff9f66032586bd768d8cf280c164b308fc7e3146080cf1d664e4e4,132,0
separators,0.1,10046,f9889bea2631d0081bfb0a6cefa81832ba993f59f2e5d7051f7a18bd3db3ef1e,132,0
separators,0.1,10047,7f389a9155e71866f1a2890c799589418243cfac05628ee44895c6fb4793ee6e,131,0
separators,0.1,10048,b56358493ec07137e581ae35d00b0f9fac312d7e66372150ce4acec6bdd93010,132,0
separators,0.1,10049,d178509ce6c45a5f696d30882d2d63bac24fa6960177771757e5e7df7c1850d7,132,0
separators,0.1,10050,fc42bc45d6c19d03f89f48cfb9f93cb7347c1a363c456a73fac9c80102815228,132,0
separators,0.1,10051,c3c6b61b374a46f689a7011a1416ca2cee47428d7e48a01d29132d4bb18cbb3f,132,0
separators,0.1,10052,f5653a2391b57579ee074097a129bde24e96492d7c126490e6af6b60e9d5a691,130,0
separators,0.1,10053,3de07c4718477ffbaafea733dfdd68dbb9cbc7f55ae5fc982c3d9efcbb175713,132,0
separators,0.1,10054,e00b868397a55ad71cb1f7bd5a027825d9ee9560e6d61aa4dce4e60a94e40d47,131,0
separators,0.1,10055,79151176aaf2dd74dfc0937920f26f5d4fda8032bd5b3f0a8a397b8f6fb46838,131,0
separators,0.1,10056,97d6e0793e4393f9fcfd39dd2a046160ac933109d5e0f46f6289cea48297e069,132,0
separators,0.1,10057,7870a57875928b594d6b7d7580f37fea4c4aa904cb8d4a7372400e0c50ee9a35,132,0
separators,0.1,10058,2168cbfae83f88f5060b27bfa0109490797ede52966520a9fd59bfdc3d8720c1,131,0
separators,0.1,10059,62277f8dad648aba04a78bdd35131624e7884f5303fe8181eb39da6aeb932b37,132,0
separators,0.1,10060,ebd42ffde30b68382987c147159c88de870ed9dbba7e663445dc480fa3a6dc90,128,0
separators,0.1,10061,be181f00975b47ac60e88ab5d912f2d33a120290eecbf95c170853afa8879d55,131,0
separators,0.2,10042,796177bbf492f8f885c440227a91d2661f842fb38ffa7098aea2ba0465a90cc9,132,0
separators,0.2,10043,50a9beeaed9a576224896beb6389f0374c9f5ac34abbc3cb0697606ab80bf9b0,132,0
separators,0.2,10044,89ace7e6848b582a87f70ff651f4c12debece8ec5f851cb4a513bc0125164e3c,132,0
separators,0.2,10045,ecd67f00475e9586fd12f096256cd9ba6114552886b03fb1660df1ad60062cb9,132,0
separators,0.2,10046,aa02d80ff6a435af9181619a594e86c6f87d6996fff16ada07f680d32831a0d2,132,0
separators,0.2,10047,076a5b798187d01ec14c7741afa1cfac6c3c2595d83563cff1e6547713f5456b,132,0
separators,0.2,10048,bd35b60f9454745cab3cfdb6b5e969f3855f82da25ecd217ad14c72226875d73,132,0
separators,0.2,10049,3463f1c4cec64c0f85dc573110a0c3f5eab53057cdeaa38764b686dd3853c688,132,0
separators,0.2,10050,775cbe66f286ffa97c72438f8967ba2be5fb0a9642a14335c8428539db9c157c,132,0
separators,0.2,10051,729ee9a0928e5535145161095c3f9b41dc61bf1860313718a97c2fae04cc0fd6,132,0
separators,0.2,10052,52066235b8bb81962189dae25065e587afcb6ef36921dd05e25527cb5c4611a0,132,0
separators,0.2,10053,031626c9b37158690ae0293753f6d3ed36a190c866036f94a222e5e393023403,132,0
separators,0.2,10054,a917d94e045a2a2f65fdc6549989091913325b8b9d79d5ef36f0c1c4577a1ef7,132,0
separators,0.2,10055,a15a99af0b13459d7e09b9b6509216c7423e32373901f38705a03d9b28f40890,132,0
separators,0.2,10056,587667b7fd7f2ee064c21c6e24430ea20671bbbe601003a894654754c81b965b,132,0
separators,0.2,10057,ab1a39864ecb4a45c62be8e6e01430ada8076150ba241744054983e4b78366b6,132,0
separators,0.2,10058,2d13772151d30b51939383a7444f46f41b2ea3187944aa60e3843ca481d6538f,132,0
separators,0.2,10059,1126acf804f420bbca7505c82627d7c1c33a727c9716ced0be231e749a32bfc8,132,0
separators,0.2,10060,7dc72ce54c8e79281ecce530d9d1e8fc3059faf0a412697676fa61c98b862607,132,0
separators,0.2,10061,d454efd718a5cc9539f4dd74b354378fb2d2d23bddfce300432e08ab1d63b076,131,0
separators,0.3,10042,bec65fa9be778e4b00e95a6f9dcb4849a8a065e39ad8668edef117046219aa19,132,0
separators,0.3,10043,620b2952f8ae4244adae9c2d53fc57a121d214fbdd61a5abe2eda0da8ca94485,132,0
separators,0.3,10044,2d1c6d0161b39bdff5d84328ec63231440a82dafc93c9d87b32803f0bfb9eff6,132,0
separators,0.3,10045,7dbbd024554c5e4648186c33af2ee4be178121c6b1b9fd84f3968e39f739db62,132,0
separators,0.3,10046,3562ffc4e8b0ca54ffd488d4c23bbc544f44702225961e1adb673a9ee7ea9bf9,132,0
separators,0.3,10047,314bf75ec270f1e1325f55039f5a1c351a9886691efc92f5dd2c359cb6dd2b3d,132,0
separators,0.3,10048,466cc3ff3b1a16613cf9b795fe66297e2d749e9ffa5a5a24c7233964e6e37ab2,132,0
separators,0.3,10049,677b3fce8a6c7f3f05608e0b84f63d08d50811eb54ae5559978e45f0016af633,132,0
separators,0.3,10050,99852c3447c1b0afab5b9979780a12af8835cbdb7dd6cbf203adfa9f2d4cc91a,132,0
separators,0.3,10051,db829e342df8635ff26fdd2acdbd9fe8e43786c3045608c678b35606505738de,132,0
separators,0.3,10052,ab90d36405a9520d8845444fe7917bb9809e8ae131c9eb2746a4a679b847da64,132,0
separators,0.3,10053,6b5b89a3b29fa68739493bf2881344f5333db0b9b0a8d2ebd887cbdc1546c6be,132,0
separators,0.3,10054,110792c2bffbb2f94917625794f60e9fd4137b5a28c3d50e99e20fd705adc094,132,0
separators,0.3,10055,4d9543c6008252819b20c3775e1ed4de6ea9b383c21834f57e3858cb9fa2fed0,132,0
separators,0.3,10056,5d1eb75a30a0d947bcca698faa70e8b4fb8b7e6fe4347314ca458f4d48695841,132,0
separators,0.3,10057,5b46f6e25b1023284a848d1b4c10f834a3accccb6093d0d20673498be423ee28,132,0
separators,0.3,10058,3bc903f03256835b3942f4aaaf0d9325569628a42510340f982dbb56e5a5df1f,132,0
separators,0.3,10059,1bd9bbdad5fedead29fe2ce33e00504bbf0d37bc3b4752d7df22531426862598,132,0
separators,0.3,10060,eab8eeae5964dd6555a7d363e0fa0e0995fb5f833e0a8138495161b4fee24949,132,0
separators,0.3,10061,ea7122d059f72d06831c0afbcd8db0943574c67d5de299a8d20a4ef181342dc6,132,0
separators,0.4,10042,aa30dc028dedd9685351f6cd7d2e278a76e05267097cf8295ce4284656d06edf,132,0
separators,0.4,10043,0e0151c88181d826091721d2a3fdb511c235c0204320a29fb520f4cc6f02744b,132,0
separators,0.4,10044,304c90b35fa231a246f2226ddde0f68623d8d1752e652523d847f56fc5c6cf2b,132,0
separators,0.4,10045,9ac04957809e93110b8b1a90f85efe67f5260353c3ced7692186888971ca19fb,132,0
separators,0.4,10046,de5a44ba98d716977759adf04c95ff7878b4de32cd67e8df7d37bd18292832d5,132,0
separators,0.4,10047,e3d5003e89513beeaa101967628c670caf770f6ed3577d9d2a409fb3ac70ec09,132,0
separators,0.4,10048,2299a5b12bc4662ae76cac087a8cf44637dd5146d0c2e4c77ea49350c95daf73,132,0
separators,0.4,10049,8055773694bc51337aee78645dcdbb2d15d9cf38e453e9a62a378c0080db9e0a,132,0
separators,0.4,10050,019d4b5d60b94b9786434c7bd0a2f0453a8b3a3cb95d18129a41a25c7a4e301f,132,0
separators,0.4,10051,5ff0734ec01f1d3d472c4e6bb2a7a40a91e9c2e07605efe18850ce7305f4f9e1,132,0
separators,0.4,10052,d3ba84a4036b80e23fdaedf9be1a03779295010091d793bce8d110081bc98113,132,0
separators,0.4,10053,c62d033fe4aed115e77d24c50260cd0ecd1561540a88d39529d00e56ef499193,132,0
separators,0.4,10054,05e1c82a8cb170248a23e309dc883959c776c850a5b188d433cfec108a53bc31,132,0
separators,0.4,10055,0445b34ed7b7b5cb777e2404f7b97c5787dd58107a686a4e37a458f7ac4abab7,132,0
separators,0.4,10056,068ecd862cd920989f6094735f0c9fd8e16f9c7b7dc41ffec8fdd1a5a239839c,132,0
separators,0.4,10057,351bf27cd17ffc6ee14dfaf86de81e440b1406e6c3b11f0d693cdb43e771700b,132,0
separators,0.4,10058,684bb2174c6db058e7bd786d36dc439a1e2cd01ff01e351f96fac82dc8ddb695,132,0
separators,0.4,10059,64de0946f569644a81a6b09053641721a098b3a030237eff9054fd7e0a3a6814,132,0
separators,0.4,10060,2ae81c869ab404810a993c6e375476611d542b9e471c518aa375acd75f73b2db,132,0
separators,0.4,10061,4a2f6b5639d664bf582c4c85660a084262e57b4fc1572882b5c6f7fd416acd76,132,0
separators,0.5,10042,f1b5014e3b15726c7a0801b88253a394ed210376a41660f6fedfc87d8ad1134b,132,0
separators,0.5,10043,db690759d9c2a2b45f383a460321ac01264f8869c4d820379bea6daa7d0c660c,132,0
separators,0.5,10044,6bf5b5b66fba270cf011dbd78711302640845536573b90d185f03aa07a1c19d0,132,0
separators,0.5,10045,ba00ecf20e69a7e8f6793f37d1baefd16a71bcc74ebd144b313d184e8128bc82,132,0
separators,0.5,10046,a25dd3020f609dfb75682e758dcc7ee35a62843d15ad4ab8f55229f423f85729,132,0
separators,0.5,10047,e05ac26290d346d47d11bcc3b41e281a23f488fe78502631c1337026ae5abc36,132,0
separators,0.5,10048,b99b8264973e52c86e38369720e95ce66905ed330eafc6ca004ca72032dd7e76,132,0
separators,0.5,10049,70f43ba99cf2a4f8a9bd72b2e498491220204f92bced8fd75137665e8a749dc3,132,0
separators,0.5,10050,32edb7c7c54f68d856d8d3ad9a6235845f4d18a78093b1b2deb78838e6758ba6,132,0
separators,0.5,10051,14d66a0fefae09809257a7c6b370200a51bbeb7b9b976d30a1fa9b839609ed6f,132,0
separators,0.5,10052,8ff65526d959e7873b3298bbb15b7683bd0200a7035ed2ba44b18776c02b3c57,132,0
separators,0.5,10053,4cda7d1ceac3dd311e9a1f56a611d345adf038783d0180670635515c01480922,132,0
separators,0.5,10054,dc5308d80163f21ec73d42c80106da3c883cd888597c138b0753f1a9f73b0930,132,0
separators,0.5,10055,98c4b83f318206925c0c33653f6e6b05a810bae77e5f00d80c27c7d432a2e138,132,0
separators,0.5,10056,56836c136962ddedd45b96c83766950650ae82cf56faf62a183dd71fdc7c4ae4,132,0
separators,0.5,10057,1d563644a5f03498802be6761d0e9920ff5df30d0b4affb2c20bb3d633ee5c05,132,0
separators,0.5,10058,1a7b4cf014c478d2523c84c4d4319b26bfb94aaf0e7e1124e7367cdfaebe761f,132,0
separators,0.5,10059,9a06d4227140754b42ccc5b6ef17e21d62ff8943ba1a42d394f13aa69310d60e,132,0
separators,0.5,10060,b438d49fad214b5d35086db6e84fcca0c5f19e1902191aa45ae88fbaa964bfb2,132,0
separators,0.5,10061,559d36a2e033ccaf0d3b576bb55c93afca208e0c72ab7e13a6229c7ca7f324a6,132,0
unicode,0.0,10042,2111a10f102c07d37a1150621d1b9e8951ec81d877da0b8767aadcd2b8c1eb84,0,0
unicode,0.0,10043,2111a10f102c07d37a1150621d1b9e8951ec81d877da0b8767aadcd2b8c1eb84,0,0
unicode,0.0,10044,2111a10f102c07d37a1150621d1b9e8951ec81d877da0b8767aadcd2b8c1eb84,0,0
unicode,0.0,10045,2111a10f102c07d37a1150621d1b9e8951ec81d877da0b8767aadcd2b8c1eb84,0,0
unicode,0.0,10046,2111a10f102c07d37a1150621d1b9e8951ec81d877da0b8767aadcd2b8c1eb84,0,0
unicode,0.0,10047,2111a10f102c07d37a1150621d1b9e8951ec81d877da0b8767aadcd2b8c1eb84,0,0
unicode,0.0,10048,2111a10f102c07d37a1150621d1b9e8951ec81d877da0b8767aadcd2b8c1eb84,0,0
unicode,0.0,10049,2111a10f102c07d37a1150621d1b9e8951ec81d877da0b8767aadcd2b8c1eb84,0,0
unicode,0.0,10050,2111a10f102c07d37a1150621d1b9e8951ec81d877da0b8767aadcd2b8c1eb84,0,0
unicode,0.0,10051,2111a10f102c07d37a1150621d1b9e8951ec81d877da0b8767aadcd2b8c1eb84,0,0
unicode,0.0,10052,2111a10f102c07d37a1150621d1b9e8951ec81d877da0b8767aadcd2b8c1eb84,0,0
unicode,0.0,10053,2111a10f102c07d37a1150621d1b9e8951ec81d877da0b8767aadcd2b8c1eb84,0,0
unicode,0.0,10054,2111a10f102c07d37a1150621d1b9e8951ec81d877da0b8767aadcd2b8c1eb84,0,0
unicode,0.0,10055,2111a10f102c07d37a1150621d1b9e8951ec81d877da0b8767aadcd2b8c1eb84,0,0
unicode,0.0,10056,2111a10f102c07d37a1150621d1b9e8951ec81d877da0b8767aadcd2b8c1eb84,0,0
unicode,0.0,10057,2111a10f102c07d37a1150621d1b9e8951ec81d877da0b8767aadcd2b8c1eb84,0,0
unicode,0.0,10058,2111a10f102c07d37a1150621d1b9e8951ec81d877da0b8767aadcd2b8c1eb84,0,0
unicode,0.0,10059,2111a10f102c07d37a1150621d1b9e8951ec81d877da0b8767aadcd2b8c1eb84,0,0
unicode,0.0,10060,2111a10f102c07d37a1150621d1b9e8951ec81d877da0b8767aadcd2b8c1eb84,0,0
unicode,0.0,10061,2111a10f102c07d37a1150621d1b9e8951ec81d877da0b8767aadcd2b8c1eb84,0,0
unicode,0.1,10042,69c342e5966a5c81d1e2e595cabdeeb2384898d16d5fec71476e6f176af0568a,129,0
unicode,0.1,10043,168e2d16823d7a935c27477ca27bf7b874e0a772be329e10237f03940a3f747d,128,0
unicode,0.1,10044,10ecf735dceb96deb70738a8148171da99496e463d913f6fb1d7f54330d8ea7a,129,0
unicode,0.1,10045,507e8673910786c3dd7cb3b19d86e5c287e253c393ea1298d875a4b5155ffdb0,125,0
unicode,0.1,10046,308583f25935b25f7e2832b996a7869886148320b9c36c43c106e24404cb7207,126,0
unicode,0.1,10047,e7704ed7fe5481a0e0c9a8eb4976a8cf15fc5e004717fa9f5b247a10089dcbe1,126,0
unicode,0.1,10048,a2e0b9941cc6aa0014a128710e6688957cb3038febd4522819dcf13b0842fa59,129,0
unicode,0.1,10049,f835e8b21cd7b91a2d10e93b71deae21942f7ab853947ba27d3c958bde8ac925,127,0
unicode,0.1,10050,062db94b29189683554f6288630edbe6f3be9e14cbf0148b8173f4cb6a54a7ac,127,0
unicode,0.1,10051,233908a3006cfebd6a00279bbb02197feefb2d8fd82aa1fdac0720e361662c11,127,0
unicode,0.1,10052,b8022a6c8f8a55b4f00c6477e431da53f34098d48a8b5cff467488a324e5307d,129,0
unicode,0.1,10053,4ddd77c77adb5748cbc81f41ecb69419ca35dbd1833c49f2a80c248b0791f46e,122,0
unicode,0.1,10054,c308695daa3e55efeee6b7784510378d9f14f29a783bae78f690f87426037444,123,0
unicode,0.1,10055,23edf81b0f0fc11e07847a90fa078120c6715f048769d24806a3b4b315b5905f,128,0
unicode,0.1,10056,a8468ba2aad2cf485f7dcd9db4233b75bd739dfdfe3f9defb7c7d918d81b3c3e,125,0
unicode,0.1,10057,07edc963d3788b4d8e4962e54ae8ef9b28c12ca00032af69ff4563a7b55ce7fa,129,0
unicode,0.1,10058,e7dc8db7200ebd408c8a85ee173d1c3856672c18c68ecfb6606f23cde3cef70d,127,0
unicode,0.1,10059,8879778922ac3ac67bdd14e54a28bf49a381b6a935e7da8ddf61130ecfe1bad9,125,0
unicode,0.1,10060,04691e19ebb668234da982082c2a51414f097c1cf8af0bab8d2f5f454b871a06,128,0
unicode,0.1,10061,b3198099da2df0ae8a8101bc980db5e4c9d65172a0ced9e1ef2bd2e37f3303cc,127,0
unicode,0.2,10042,3daab673f3d16d65b934e77bd5c7df5e92ea97f92b38ce1968efe9318a760e22,132,0
unicode,0.2,10043,d18c67bb6eb5e34fc63b03bfa8f27bb9af285a57593acaea7b9ede5f413f5cef,130,0
unicode,0.2,10044,bb5c222cfe7074c94a58189054f6cf3b4206d6bc967fb9a413cff33b19de1204,132,0
unicode,0.2,10045,c55783022c8da20bb8f46e64ab98a57bae3116cc9f288269eb56560da0efcdd0,131,0
unicode,0.2,10046,65972a9ea473cbd59cb06719ac6a26ab27947009c76d44d51d7787390b0fb6c0,132,0
unicode,0.2,10047,525221ac070316214c09c1132f66495f9b84c9be82ad37f5adb573be98f578cb,132,0
unicode,0.2,10048,94472dacbdaf4ec911d8161f3369f97931242063532937ea516b4f387225c82f,132,0
unicode,0.2,10049,3510564e8064434f0a49bd31e82a4f00ea02fb0fd76869171a0a505caa1fc72a,131,0
unicode,0.2,10050,ec377a9dae63d14d24511464ab9c9b87790e5db3f22a6beb76bd7bd24e193b53,132,0
unicode,0.2,10051,c313a282cb6e9627a159932b25756e4bf237729f469962255a634f2b9fe8d37b,132,0
unicode,0.2,10052,6fc20333ac1280afadcfe9d66ab7372a1e7c84d8aa5fbcb24ec9353a0f9f2f51,132,0
unicode,0.2,10053,c3ee96935855c53b333872bac17547afdaa8e80e749ad14b1f10da5a740bb714,132,0
unicode,0.2,10054,9640ade54e2eca4e79becf216206c274e531706139095dbccf6ade4349afeea6,132,0
unicode,0.2,10055,964ceb76e39cbbdf14fafda377011c85d395c17b6d6eeb57621ca4d40f87699d,132,0
unicode,0.2,10056,4f23c5849b4eb762200a2e6b48cf8413bbd597458df6bbecc9cd8723ef7b82e4,131,0
unicode,0.2,10057,2ed93744b741a8ee561b54a9484da04ade25610367d1d73936875e5f8b506945,131,0
unicode,0.2,10058,397e44a7afab7357727667f75b6a21bcce53486f1b7a8162876fa88caf80490b,131,0
unicode,0.2,10059,c0caef10b35e27da36605137cb1e850b2c95d41b0ab0fa22e50631cf6eeb406a,130,0
unicode,0.2,10060,c87cabf5deb6ccdd212f85236df70e1ff43423d8b143527c1fa7e340f21a1880,132,0
unicode,0.2,10061,17c324837ba2db6508fd68c3dc0966c6e1289912b7a66886a5eaf028086e51a9,132,0
unicode,0.3,10042,4d635b5db0f467eb3d23da3c4671b99f39215c2fa40dcf2e59222648926e0ad1,132,0
unicode,0.3,10043,1be50a6e7090c55fbe444708ecdd6a39441bc6c7172d88221eb97f457f1ba6e3,131,0
unicode,0.3,10044,165538106b32b624a58fe400b0d6f459f1c081ffe49b09bfc6967c6d300f4484,132,0
unicode,0.3,10045,7cf573672601323673196fb570a4b22263579d03129244a8bb5803640598cd70,131,0
unicode,0.3,10046,9ce6ecfdb5e9546eef9e7e30e1a3d1088115a2b89efa4760f33f6211108289c3,132,0
unicode,0.3,10047,cb0ffbe8888e908c623a77630be425b5ebdf08ab504d8fcb06ca9f97a46fb895,132,0
unicode,0.3,10048,23e081facfe9e107447792650b881ddbdeb4cae2bc9ca719c6ca9d2aaf4b58c8,132,0
unicode,0.3,10049,aea465264ba3cacecb51bb12a42b29da2fd9c8b93942d76fa7fb0be820fe7b2f,132,0
unicode,0.3,10050,aec5ee6076708becff57a71fc67b4b0c9c99598f55d1ef7de7564a850faba11e,132,0
unicode,0.3,10051,b4e206167755207c8766f07e1ecb1914d5359d1dd5165e5e9a73e3a6bbf18727,132,0
unicode,0.3,10052,a137528368ab12d558430564ba1dec352fad4125746ebdb93b330d25b921fa7e,132,0
unicode,0.3,10053,73b2421126fc99c45df291e33e71e1dca7a343fec4f6e89b9780a5b433a6ce1c,132,0
unicode,0.3,10054,d52a274e8f2e031bb3e26e19d1d24d79b7645f950fc70b30b6dbd5e2b83f7192,132,0
unicode,0.3,10055,3bd16c298661ee266755ae02fed4f6018b88b995398d0ae3d91c8a34d8747f9a,132,0
unicode,0.3,10056,d728f17d2d463b05c54c4667e69fdbf68b0b592e5ba58d6fa6505b1801946767,132,0
unicode,0.3,10057,2dd817606dbc76d9fdc2c8e8ebdd2fba851a45002a70aefa066710c762fbcc24,132,0
unicode,0.3,10058,d47746c00cc9662bb567827823394efc79ee5ad3eff8569c7889409cade7fa17,132,0
unicode,0.3,10059,037d36614b5f9c472e859ede555a826cb15cd6c61ddd0cdc98a724b7d9bb1f30,132,0
unicode,0.3,10060,a6f1b3dc333ba1b918c5067953a5d09c72076d50a316e1c24dfee66623dc59a8,132,0
unicode,0.3,10061,051b56cb5dc62a78e3a25db19c67439706e00069ede64c7c5281da4a5c19a200,132,0
unicode,0.4,10042,ba19b600dcdf5c227d1b41c70dd6b55c4b0224e9628841ce8a3398ac766d370e,132,0
unicode,0.4,10043,bac655c487f05b90666da13beb341e848a37d1e57aaea4472579face24ac0f0d,132,0
unicode,0.4,10044,84ac572b4d99170f6fd8bd53b6382c553c84474044d39d89e69fcc6365d20123,132,0
unicode,0.4,10045,046dd7b640f430189cb384f08c59f34ee1b43c87544482fd3e5ec6ba5d6a9c38,131,0
unicode,0.4,10046,c76adf1fd9608404e02dd951ed9a93ea172221319297a83de984eec15a2d1d90,132,0
unicode,0.4,10047,b7836414378a7a91448f7ff5942922686eec39520452f0b4e92d0820d73f15af,132,0
unicode,0.4,10048,dfef3d1f4b9dfd6581daa51a927dea11338894a76abdabda27057fe28954f0da,132,0
unicode,0.4,10049,cb59bc6420b3b207bf53d8869c6e8e870543f7db7d4959a2d2d227f1028a2327,132,0
unicode,0.4,10050,e37106a97861f1fd2b543aef794baf010e603801c2214f812462062573bb2e5d,132,0
unicode,0.4,10051,7e0df0e468f3a30d85df86a8fc915b455b3b4d271da29aa29756b74c3c80dd09,132,0
unicode,0.4,10052,cc62905a7eefb7bad1f4964b1f6a34aa76ae830d08c6bd94d45f0f5907b6293d,132,0
unicode,0.4,10053,15437523d6291dd73e43f4ec4f04b7a5b2f1fbe6123887077f49470c73e98dc5,132,0
unicode,0.4,10054,0fc91c37c63deada26d0e30235c177b4d733f07bbbb361a89372d972c15cac46,132,0
unicode,0.4,10055,b2f29ea68f7678ceb10813484ff2e0504f2c79d58d232b9d913a01c3f75ef3bd,132,0
unicode,0.4,10056,e7a41e631601319929158c5ff83b8751eb2fc7d8fc17464581894229627af45b,132,0
unicode,0.4,10057,4b56172c653286e05d4077b203df7040340c2747cd41d50b0ed91f45cbe8a36b,132,0
unicode,0.4,10058,af1a09e385d235608c0a06a991f3e8e60f2ff56f3210f66693738eb75f9a9b9c,132,0
unicode,0.4,10059,d63e81e63c1284329f4e24f41f5f860b324dac9a62e97df2e3082d86f0ebbf07,132,0
unicode,0.4,10060,30c9ef8cf17c486dd476ad67d542979d2c23eccf2b9d63ac847b707e0c8ec760,132,0
unicode,0.4,10061,e00ddd1f91b5946545d9f7a4cd5fb659ad98d406193eb9e62417e3c567dbb458,132,0
unicode,0.5,10042,0ed2221648f8857d7ee531c62a770d42380fb08b196fd1d4d4c2398100e01574,132,0
unicode,0.5,10043,5ef66a4434d6dbbc14c76a7f555bb891782c37ad4a9c010c2a4c04e7fa0e9a25,132,0
unicode,0.5,10044,729917bcde53c4fedb29e28d10a55b2f3399eba933d0770cc0b8975cae5e7846,132,0
unicode,0.5,10045,32b8ea729f9f99f9735f24849c6cfcce1efb1d9c34d8705a5158c1f8228332ed,132,0
unicode,0.5,10046,5e02ef84f0ab79598bf4ee8c5fa65d2f3b88eb77cf441aeebffc260cb5892a29,132,0
unicode,0.5,10047,1ddfafc1b05a770fd58fa6ebffabce1647392310e5bbd3dfbb63e1f8ae29be30,132,0
unicode,0.5,10048,c8b30925eedb5391b69931c32b063f0b9e9d62c609e76bbb94d48fd92c5f159e,132,0
unicode,0.5,10049,97c97db1c10c416ce8711b1bbea7fd5d0f5b9eb015e7b3fee7370128612cf2ab,132,0
unicode,0.5,10050,32d51f7703db9bb41cd2839312de221df5d6606d6a5676ca414944cf58d0f5ab,132,0
unicode,0.5,10051,e743792caebecdeb9a4d3852b56bf59dfa7dcecd0d7bd9217708fecb61a0f854,132,0
unicode,0.5,10052,ca4694746443dea014ee56b28c0f21097d376872c6b1a6fb189d2651aa460841,132,0
unicode,0.5,10053,ddce5fbb8ff49e336fb51bebdbfdd7c94dcc522f0246ce371e028c4f7ec8f50f,132,0
unicode,0.5,10054,62239723fdc587558f106b54cc9ffa561e628afb2637971206cf4dfca7b0f332,132,0
unicode,0.5,10055,ddca708d8868a95125455d8923017120beb99b07f242c46c75ea0fd37bbc1d9a,132,0
unicode,0.5,10056,0788141d1e93a011813b448aab194a365077934aaa56e4a3794181e5169c4c77,132,0
unicode,0.5,10057,9d2ac0020207c5f6b03ceb6051242b1001ee70811d74d87660f248dd09f55159,132,0
unicode,0.5,10058,57df2acac12d442ebd13617fb005470805f0755cc77ced0c171137f7d5ef8db3,132,0
unicode,0.5,10059,ece2d093fd692a212f4cb2fe1001d724dc26c1f1b79698c4195851447be2ccba,132,0
unicode,0.5,10060,d089ee0bffb16bacb22c3dd61ea61d1cffcb53866e0b5293a78afda39173ca95,132,0
unicode,0.5,10061,b8830e352098532e93e4468f5b4daeecbdc53226b5a3dfc68be7d19e9a284f19,132,0
